--
-- PostgreSQL database dump
--

-- Dumped from database version 15.1
-- Dumped by pg_dump version 15.1

-- Started on 2022-12-10 12:22:48

SET statement_timeout = 0;
SET lock_timeout = 0;
SET idle_in_transaction_session_timeout = 0;
SET client_encoding = 'UTF8';
SET standard_conforming_strings = on;
SELECT pg_catalog.set_config('search_path', '', false);
SET check_function_bodies = false;
SET xmloption = content;
SET client_min_messages = warning;
SET row_security = off;

SET default_tablespace = '';

SET default_table_access_method = heap;

--
-- TOC entry 215 (class 1259 OID 16544)
-- Name: category; Type: TABLE; Schema: public; Owner: postgres
--

CREATE TABLE public.category (
    id integer NOT NULL,
    name character varying(255)
);


ALTER TABLE public.category OWNER TO postgres;

--
-- TOC entry 214 (class 1259 OID 16543)
-- Name: category_id_seq; Type: SEQUENCE; Schema: public; Owner: postgres
--

ALTER TABLE public.category ALTER COLUMN id ADD GENERATED BY DEFAULT AS IDENTITY (
    SEQUENCE NAME public.category_id_seq
    START WITH 1
    INCREMENT BY 1
    NO MINVALUE
    NO MAXVALUE
    CACHE 1
);


--
-- TOC entry 217 (class 1259 OID 16550)
-- Name: image; Type: TABLE; Schema: public; Owner: postgres
--

CREATE TABLE public.image (
    id integer NOT NULL,
    file_name character varying(255),
    product_id integer NOT NULL
);


ALTER TABLE public.image OWNER TO postgres;

--
-- TOC entry 216 (class 1259 OID 16549)
-- Name: image_id_seq; Type: SEQUENCE; Schema: public; Owner: postgres
--

ALTER TABLE public.image ALTER COLUMN id ADD GENERATED BY DEFAULT AS IDENTITY (
    SEQUENCE NAME public.image_id_seq
    START WITH 1
    INCREMENT BY 1
    NO MINVALUE
    NO MAXVALUE
    CACHE 1
);


--
-- TOC entry 219 (class 1259 OID 16556)
-- Name: orders; Type: TABLE; Schema: public; Owner: postgres
--

CREATE TABLE public.orders (
    id integer NOT NULL,
    count integer NOT NULL,
    date_time timestamp without time zone,
    number character varying(255),
    price real NOT NULL,
    status integer,
    person_id integer NOT NULL,
    product_id integer NOT NULL
);


ALTER TABLE public.orders OWNER TO postgres;

--
-- TOC entry 218 (class 1259 OID 16555)
-- Name: orders_id_seq; Type: SEQUENCE; Schema: public; Owner: postgres
--

ALTER TABLE public.orders ALTER COLUMN id ADD GENERATED BY DEFAULT AS IDENTITY (
    SEQUENCE NAME public.orders_id_seq
    START WITH 1
    INCREMENT BY 1
    NO MINVALUE
    NO MAXVALUE
    CACHE 1
);


--
-- TOC entry 221 (class 1259 OID 16562)
-- Name: person; Type: TABLE; Schema: public; Owner: postgres
--

CREATE TABLE public.person (
    id integer NOT NULL,
    login character varying(50),
    password character varying(255),
    role character varying(255)
);


ALTER TABLE public.person OWNER TO postgres;

--
-- TOC entry 220 (class 1259 OID 16561)
-- Name: person_id_seq; Type: SEQUENCE; Schema: public; Owner: postgres
--

ALTER TABLE public.person ALTER COLUMN id ADD GENERATED BY DEFAULT AS IDENTITY (
    SEQUENCE NAME public.person_id_seq
    START WITH 1
    INCREMENT BY 1
    NO MINVALUE
    NO MAXVALUE
    CACHE 1
);


--
-- TOC entry 223 (class 1259 OID 16570)
-- Name: product; Type: TABLE; Schema: public; Owner: postgres
--

CREATE TABLE public.product (
    id integer NOT NULL,
    date_time_of_created timestamp without time zone,
    description text NOT NULL,
    price real NOT NULL,
    seller character varying(255) NOT NULL,
    title text NOT NULL,
    warehouse character varying(255) NOT NULL,
    category_id integer NOT NULL,
    CONSTRAINT product_price_check CHECK ((price >= (1)::double precision))
);


ALTER TABLE public.product OWNER TO postgres;

--
-- TOC entry 225 (class 1259 OID 16579)
-- Name: product_cart; Type: TABLE; Schema: public; Owner: postgres
--

CREATE TABLE public.product_cart (
    id integer NOT NULL,
    person_id integer,
    product_id integer
);


ALTER TABLE public.product_cart OWNER TO postgres;

--
-- TOC entry 224 (class 1259 OID 16578)
-- Name: product_cart_id_seq; Type: SEQUENCE; Schema: public; Owner: postgres
--

ALTER TABLE public.product_cart ALTER COLUMN id ADD GENERATED BY DEFAULT AS IDENTITY (
    SEQUENCE NAME public.product_cart_id_seq
    START WITH 1
    INCREMENT BY 1
    NO MINVALUE
    NO MAXVALUE
    CACHE 1
);


--
-- TOC entry 222 (class 1259 OID 16569)
-- Name: product_id_seq; Type: SEQUENCE; Schema: public; Owner: postgres
--

ALTER TABLE public.product ALTER COLUMN id ADD GENERATED BY DEFAULT AS IDENTITY (
    SEQUENCE NAME public.product_id_seq
    START WITH 1
    INCREMENT BY 1
    NO MINVALUE
    NO MAXVALUE
    CACHE 1
);


--
-- TOC entry 226 (class 1259 OID 16619)
-- Name: status; Type: TABLE; Schema: public; Owner: postgres
--

CREATE TABLE public.status (
    name text,
    id integer NOT NULL
);


ALTER TABLE public.status OWNER TO postgres;

--
-- TOC entry 227 (class 1259 OID 16624)
-- Name: status_id_seq; Type: SEQUENCE; Schema: public; Owner: postgres
--

CREATE SEQUENCE public.status_id_seq
    AS integer
    START WITH 1
    INCREMENT BY 1
    NO MINVALUE
    NO MAXVALUE
    CACHE 1;


ALTER TABLE public.status_id_seq OWNER TO postgres;

--
-- TOC entry 3386 (class 0 OID 0)
-- Dependencies: 227
-- Name: status_id_seq; Type: SEQUENCE OWNED BY; Schema: public; Owner: postgres
--

ALTER SEQUENCE public.status_id_seq OWNED BY public.status.id;


--
-- TOC entry 3203 (class 2604 OID 16625)
-- Name: status id; Type: DEFAULT; Schema: public; Owner: postgres
--

ALTER TABLE ONLY public.status ALTER COLUMN id SET DEFAULT nextval('public.status_id_seq'::regclass);


--
-- TOC entry 3368 (class 0 OID 16544)
-- Dependencies: 215
-- Data for Name: category; Type: TABLE DATA; Schema: public; Owner: postgres
--

INSERT INTO public.category (id, name) VALUES (4, 'powerSupplyUnit');
INSERT INTO public.category (id, name) VALUES (5, 'videoCard');
INSERT INTO public.category (id, name) VALUES (6, 'body');
INSERT INTO public.category (id, name) VALUES (7, 'ram');
INSERT INTO public.category (id, name) VALUES (8, 'processor');


--
-- TOC entry 3370 (class 0 OID 16550)
-- Dependencies: 217
-- Data for Name: image; Type: TABLE DATA; Schema: public; Owner: postgres
--

INSERT INTO public.image (id, file_name, product_id) VALUES (6, '9b1d17ba-3826-4f86-a604-7a03a2b8c585.53a87f0e42f2f47dfbe596dc8424be5f59deecbca5b44350b4b8a2498682868f.png.webp', 2);
INSERT INTO public.image (id, file_name, product_id) VALUES (7, '54d9dfc6-0b5e-4506-adc4-112ed726691d.75469ee895f1bd3c739606381caced9dca468be921ba8e48c46a33fb6e407d48.jpg.webp', 2);
INSERT INTO public.image (id, file_name, product_id) VALUES (8, '1de26416-b6d2-4008-838b-7664b63ecd9b.b028c28a7d4d8dbdd402d3f086ea666d92550530597de206b82e6af9a9a63053.jpg.webp', 2);
INSERT INTO public.image (id, file_name, product_id) VALUES (9, '2d46eeb5-2984-4a9b-8e34-5e0ac87158e4.c1c06fc301ac33078225595b8d099c9d336ce0a78ee8ad7e975c4181dd67d193.jpg.webp', 2);
INSERT INTO public.image (id, file_name, product_id) VALUES (10, 'efd45540-a437-42a0-a065-a4b8da47cb5f.c63d933eca6c77ce9844ff4fa6a751ea74e98475cb479cd54318133ad075965e.jpg.webp', 2);
INSERT INTO public.image (id, file_name, product_id) VALUES (11, '2e39372d-47cf-493b-92b9-6b489428c1d9.763deb87341d3a01c63f1379ad94951a6c08a50cd69d0ed1266225aad95a0fdd.png.webp', 3);
INSERT INTO public.image (id, file_name, product_id) VALUES (12, '2611dcc4-fa35-4594-b63d-a97cd793a1df.2642ec75a3ae0851bba6b271c8dc08863a0f5da9a3fbae13cffc5db08d4022cd.jpg.webp', 3);
INSERT INTO public.image (id, file_name, product_id) VALUES (13, '76b945d8-1529-4fd9-8bff-4527d96f82fc.9350003454a13b34fee9ae8b1925ae9e26d431477afa1003a6634a6a048eab34.jpg.webp', 3);
INSERT INTO public.image (id, file_name, product_id) VALUES (14, '5e464eb8-a8a4-46d0-8219-791f7034a8df.cbc24eaa3719d8dff7b2108d7974ba25c1c6889e472308d06f7cc288c9d2489a.jpg.webp', 3);
INSERT INTO public.image (id, file_name, product_id) VALUES (15, 'e9782794-2dac-4a32-9c53-ba829bc2c585.d3e846efeb75e0fc13280673d06b9ffb23f92cb809d8568a489bd14bf5287ad5.jpg.webp', 3);
INSERT INTO public.image (id, file_name, product_id) VALUES (16, 'ac7bcdb9-6627-4785-a2ea-54533ee3725f.2e8968a8398f6887ad7a1168b46afd4d424e20608000f6fdb7838aca71506d0f.jpg.webp', 4);
INSERT INTO public.image (id, file_name, product_id) VALUES (17, '5632bfab-e6e3-4d17-9c60-d1076276c987.8cda01d1bda7943ea0dea57f26d6a54d2a736db37b84c664f6ebbfdabb9d1193.jpg.webp', 4);
INSERT INTO public.image (id, file_name, product_id) VALUES (18, '06b581cc-278e-4cb2-8448-9224f3d823e3.958e303d4e9ccfe107319bbe05031980f5945428351790b923489b80b79ed459.jpg.webp', 4);
INSERT INTO public.image (id, file_name, product_id) VALUES (19, 'a9dbb83a-d9dd-4ed5-8815-8605394818f8.b2141bb414b12e1cacee755935bacab4faa5764143cff41e5834ed6cf00eb858.jpg.webp', 4);
INSERT INTO public.image (id, file_name, product_id) VALUES (20, '273ecbfc-f307-495e-a738-078365240e7b.c1300f4c25699a9be4af2637f08e0f627e85403c9d222bf0796d22afd367cf72.jpg.webp', 4);
INSERT INTO public.image (id, file_name, product_id) VALUES (21, '0201025a-698e-48d6-9983-1b14e82d46b0.5d40eda3203e8169043b1c3961341109c2cc6bb9e1d87a8c94921073416ecf6b.jpg.webp', 5);
INSERT INTO public.image (id, file_name, product_id) VALUES (22, '46de426d-e4e6-4bed-9bd2-d282cfd43cf1.00afd2fadbf02789d14e497befd6464a32d8ea0165ec5f3b5510b5d02371c2d9.jpg.webp', 5);
INSERT INTO public.image (id, file_name, product_id) VALUES (23, 'dfdf1b01-9254-445d-bc3c-7dd46330ce8f.6d54887c2f9d8b272042a8f5da0a62a68f11a4e0919ca38a5c7a2d1e11514d1b.jpg.webp', 5);
INSERT INTO public.image (id, file_name, product_id) VALUES (24, 'df4d7b96-657c-4554-8828-bbc372ddda6d.9caf21209234f2c4ab611f2351bf8fad41584b2ead31f8e325662f5b03a30d6c.jpg.webp', 5);
INSERT INTO public.image (id, file_name, product_id) VALUES (25, 'b0ddd24d-9661-4d65-82bf-ff302363f0a7.96cd6675640c548b1abe2788f739dedbb9978fb388d09dd4d1a27b85ca5457da.jpg.webp', 5);
INSERT INTO public.image (id, file_name, product_id) VALUES (26, '14fac820-ab80-4a52-9fca-a27dc053d190.3e7eb11ad032fdeb50d5b6fab5ad396cf26b3f28e74ad967996ca990f2df52f7.jpg.webp', 6);
INSERT INTO public.image (id, file_name, product_id) VALUES (27, '6ddab797-281e-433b-800e-8308f5215ab4.0a4eb5dc616cb4ffbc9b7adaf76bd4f08b7f9a6e452767033d2ab2298ee6c53d.jpg.webp', 6);
INSERT INTO public.image (id, file_name, product_id) VALUES (28, '2645341c-62ab-4c2c-a53d-c82637d7d6c8.74f7971bbf17790e484928216c6973d5831a4184cd6bb604ce9b40abdece7757.jpg.webp', 6);
INSERT INTO public.image (id, file_name, product_id) VALUES (29, '9e1889fd-f971-471f-a06e-10fdca13e810.9833e440c0f2312e5c85bc1f527d3fe36d588b73e9180fa3674f665adf101cea.jpg.webp', 6);
INSERT INTO public.image (id, file_name, product_id) VALUES (30, '52d8b1d8-a3c7-430a-8faa-10e753169e80.bfaeb91b2a83f41deb8c8a042a6637472532b9451af9049b156ed3e955a7ad69.jpg.webp', 6);
INSERT INTO public.image (id, file_name, product_id) VALUES (31, '466a0e9b-f71c-4907-bbf4-1e8f491bca95.203eabf0e1f2d7dbbcd40f010645dd6c133991df3b8965614f1201b8ee48afe3.jpg.webp', 7);
INSERT INTO public.image (id, file_name, product_id) VALUES (32, '62ef20c7-c9be-4ce3-b072-021fed2483bc.4a225deb30b0fe9ddd105241473f6d30b8d801452771d05d0f5cf0201f806856.jpg.webp', 7);
INSERT INTO public.image (id, file_name, product_id) VALUES (33, 'b54aa7f4-ebb2-4b5a-92db-772725f319b5.4aa2b614b1f8654194f88b8c9bf6e30aea6c3c2e77f1f9348b2b881298f449c3.jpg.webp', 7);
INSERT INTO public.image (id, file_name, product_id) VALUES (34, 'a14b1559-c406-46ac-9e1f-925599a2c3a2.33c452f6de027245cb8e7ddede000d6f4e13b847a00933a336752f62eea9b0f1.jpg.webp', 7);
INSERT INTO public.image (id, file_name, product_id) VALUES (35, '9d8b189b-5b97-4513-800a-42bc12da9cdc.057adce93c3c429c7db021811941f6cfefd71bf8ef7ab4bde89d1c41395cde26.jpg.webp', 7);
INSERT INTO public.image (id, file_name, product_id) VALUES (36, 'a2e2b578-2064-45ee-9516-fe5bdfc2bf89.1db8cb3d7acb3fb7ff7b5e2a941e754f95efbd2cc5620360e719474a4e099e87.jpg.webp', 8);
INSERT INTO public.image (id, file_name, product_id) VALUES (37, 'f712b5b5-e499-412d-a128-b6c750958246.6d72854362e96659afa8467db0738df2a7550afa1406dd4022e7d1c9cb06f0de.jpg.webp', 8);
INSERT INTO public.image (id, file_name, product_id) VALUES (38, '2025b301-e635-4317-85fa-c5236556ca5b.43d4af8bcb15021abafb0e238397b44a25c93087ec6743157353e4279dbe66a2.jpg.webp', 8);
INSERT INTO public.image (id, file_name, product_id) VALUES (39, 'c98940c4-ce1f-423c-b87b-9fcf4e7e2092.f78afefd3f2514ec5208e73f98363b9c3e9d3beb1047f5786c57097980a411be.jpg.webp', 8);
INSERT INTO public.image (id, file_name, product_id) VALUES (40, 'd51308f2-6d9a-4d5e-b274-35e2ec656444.f8364e3184c15022e85133e4dba0176328af2408056670e758d90e1b3feadb74.jpg.webp', 8);
INSERT INTO public.image (id, file_name, product_id) VALUES (46, 'b5863e86-2854-4cb2-acef-0b6d1600e7af.1db8cb3d7acb3fb7ff7b5e2a941e754f95efbd2cc5620360e719474a4e099e87.jpg.webp', 10);
INSERT INTO public.image (id, file_name, product_id) VALUES (47, '7cdf96ed-e5b8-4adb-b639-4d3530e524f4.6d72854362e96659afa8467db0738df2a7550afa1406dd4022e7d1c9cb06f0de.jpg.webp', 10);
INSERT INTO public.image (id, file_name, product_id) VALUES (48, '01d3dec8-76f5-4114-9386-7f630730d3f6.43d4af8bcb15021abafb0e238397b44a25c93087ec6743157353e4279dbe66a2.jpg.webp', 10);
INSERT INTO public.image (id, file_name, product_id) VALUES (49, 'e3ad6c0a-0aa7-4ad1-a0d5-b0df21e97bc4.f78afefd3f2514ec5208e73f98363b9c3e9d3beb1047f5786c57097980a411be.jpg.webp', 10);
INSERT INTO public.image (id, file_name, product_id) VALUES (50, '3abf04ae-bdfd-49ac-a434-56cbedae9a66.f8364e3184c15022e85133e4dba0176328af2408056670e758d90e1b3feadb74.jpg.webp', 10);
INSERT INTO public.image (id, file_name, product_id) VALUES (51, 'aa46f877-1544-484e-8c35-93f0f347ab5a.d892ec7b39d2feceb8396acec37799b2f9c6031325e124e7f48ff36ccef24206.jpg.webp', 11);
INSERT INTO public.image (id, file_name, product_id) VALUES (52, '1225d1d2-3e35-4bf8-8e85-04b88ce903dc.9d46175fd883f3463c2faf9842ca8bc0c6a3409b4361c0f1f5a9cf49c6c0cb9d.jpg.webp', 11);
INSERT INTO public.image (id, file_name, product_id) VALUES (53, '5295627e-9928-43b7-8e1b-b8ed7e9ba35d.65eb83ab5ab203d246f6ab64626492667bb4676585dca7206e8e4f245249e192.jpg.webp', 11);
INSERT INTO public.image (id, file_name, product_id) VALUES (54, 'dc301498-9214-43cd-9c69-ce52cadb6830.4068cd969cdea54f9db44e1b3f56d84742ec3055638b7def795cbfa4f7ec881e.jpg.webp', 11);
INSERT INTO public.image (id, file_name, product_id) VALUES (55, '651daf59-6840-4eb5-91be-2567ba69d888.8e7d9296bcffd68cf7304632182fbf27d3de2d207eb16ac331978630221d950d.jpg.webp', 11);
INSERT INTO public.image (id, file_name, product_id) VALUES (56, 'da60c436-7add-474b-b546-8f9b8a8870c3.9d46175fd883f3463c2faf9842ca8bc0c6a3409b4361c0f1f5a9cf49c6c0cb9d.jpg.webp', 12);
INSERT INTO public.image (id, file_name, product_id) VALUES (57, '77b1685e-fb77-435d-92f7-ca145b7d558d.', 12);
INSERT INTO public.image (id, file_name, product_id) VALUES (58, '6e73dc57-a236-4425-a9c2-12d92fb2f228.', 12);
INSERT INTO public.image (id, file_name, product_id) VALUES (59, 'd15984ed-02c6-4e02-aefb-d5dcf62dd19f.', 12);
INSERT INTO public.image (id, file_name, product_id) VALUES (60, 'bc436775-3d9e-4de6-9da4-22e6e592ec24.', 12);
INSERT INTO public.image (id, file_name, product_id) VALUES (61, '20b63c84-5b7d-41ba-bbae-abb164afadcb.01c8a731c010a4b19a6eed0578d8246c0ba5bfb6af640fb78ef61726b27b0564.jpg.webp', 13);
INSERT INTO public.image (id, file_name, product_id) VALUES (62, '53b3633e-c568-4d41-ba54-410320eb65c4.71e72d3e9201a0d393c3fffc75566c697bbdc6cf53e1078970539f33447c119c.jpg.webp', 13);
INSERT INTO public.image (id, file_name, product_id) VALUES (63, 'cd7ffd4d-0b62-455f-a069-6c406d9d72b1.483b0424d1f06027d179760983a3463932ce7342fb2fd6a7aa3029cdba8431e9.jpg.webp', 13);
INSERT INTO public.image (id, file_name, product_id) VALUES (64, '2b009ed2-67e4-4ec1-8406-56faa4bbaa87.2323a2c17f3d997f85df738bc04dd387e554bb71c970a64001681dac6f65a66c.jpg.webp', 13);
INSERT INTO public.image (id, file_name, product_id) VALUES (65, '8ecf1b96-34a4-451d-8c8e-28ef4044afb1.bfab9d7e35445b9f1ecc51285ff6549fff0b014e0dd0611f30cd5eafa9a52370.jpg.webp', 13);
INSERT INTO public.image (id, file_name, product_id) VALUES (66, 'f7d2993b-46c8-4413-aa1e-bf2e91968a0c.1a0daaf3b1e27ee021f6c2a8f658d78bcfb19e40f3e42c7b5015f019cf504a76.png.webp', 14);
INSERT INTO public.image (id, file_name, product_id) VALUES (67, '5a20c4b5-575a-4972-903a-d6917d109b6a.04afba15589a3c03926944b01095cc0e895a08d432fc2cf423a526a798791efe.png.webp', 14);
INSERT INTO public.image (id, file_name, product_id) VALUES (68, '3a8aef01-631f-49c5-8226-6d073742fabd.4fe8bff95ee5149e7a9f0545135c207dbca2bce3d6c68d3459f684dc2856a27f.png.webp', 14);
INSERT INTO public.image (id, file_name, product_id) VALUES (69, '495a4bfc-790e-438a-882d-2f2edd70bd36.397c97e86ed68ca4c1447c486d1f55b7673fa6534c62a8df327c33297c8736d9.png.webp', 14);
INSERT INTO public.image (id, file_name, product_id) VALUES (70, '8101ad48-24ca-48a0-b6b9-d7de3e4f3e8c.628658a1370dc19b2bd47026eafccae621628f7dac9e70b06efc3bea5cadc291.png.webp', 14);
INSERT INTO public.image (id, file_name, product_id) VALUES (71, '27c61f09-8c32-40fc-a01f-d37c1d70b40a.9a7535a4586014992bb6ee6a0da9bf49384df7fe8c4468bece4bb5dcb7e1d313.jpg.webp', 15);
INSERT INTO public.image (id, file_name, product_id) VALUES (72, '0334d0da-27dc-407f-8e50-8eb9f3cf5932.30f23addebd6bc997e04ba00312f62cc773005efb4f2a9c30c9383af40fb76e5.jpg.webp', 15);
INSERT INTO public.image (id, file_name, product_id) VALUES (73, 'f6aea993-8529-458f-80b7-50cd2c0f72ee.95176546502824a3b8058979bba3f90dffd8784b800d1d49144ec98ba22506c5.jpg.webp', 15);
INSERT INTO public.image (id, file_name, product_id) VALUES (74, '1902a296-e2ef-4e27-b59c-6b761380529f.ce02c60b8c9db5e1f01ce5620b5a798d79a93b679b90d7fc92336698b64dfc07.jpg.webp', 15);
INSERT INTO public.image (id, file_name, product_id) VALUES (75, 'b3bcb3c6-5c48-43ee-88c1-f065a85f9651.e2299ca650b97da71855adb35316fe41c8d0cfb6649db4409bdddaee2a43f551.jpg.webp', 15);
INSERT INTO public.image (id, file_name, product_id) VALUES (76, '7b626f38-d742-4de1-9583-4c227c0e64be.2d836b0e78b0787cd6f737dbcfe70f9cd2bc1470a716a1650c63b29edfbd5f93.jpg.webp', 16);
INSERT INTO public.image (id, file_name, product_id) VALUES (77, '73bae8d8-ac38-48ba-8ee0-8594f0eda87f.47c581af2b1cdee9e70ede8f02a1d3a13222554404d72f3200ee448612ddd66d.jpg.webp', 16);
INSERT INTO public.image (id, file_name, product_id) VALUES (78, 'e3a56e2d-1c6f-4a78-9ab5-913018b83f26.51e5d80f35c173b4707f35b4c79da315284e1a1a7a609f4326cae6c3d89871ee.jpg.webp', 16);
INSERT INTO public.image (id, file_name, product_id) VALUES (79, '4d30a6f4-db93-47ac-8988-fb7f01066884.385654351794756abd214f0a67d68e36005970968672560360cf214bee858e23.jpg.webp', 16);
INSERT INTO public.image (id, file_name, product_id) VALUES (80, 'a44b5ac9-f8e4-402c-8d3a-0aa5b6b7ec5d.b8edec169ad2fcf322bf97e85a973ab65125abe5b0e16dbb117058487aeab8f6.jpg.webp', 16);
INSERT INTO public.image (id, file_name, product_id) VALUES (81, '469d18d3-d027-448d-8d4b-004ae64f5a6d.0ac4707a8765108b57dd6d7cb5bd650f85ec7ecf4a70946a9de92e2d4cf10459.jpg (1).webp', 17);
INSERT INTO public.image (id, file_name, product_id) VALUES (82, 'b2f8c0c3-b46b-4100-bb67-a0a47aaddeaa.3d832de6a50c19581c9c4be99c45d03bf619a13a4d27b18649b15ecf3f485990.jpg.webp', 17);
INSERT INTO public.image (id, file_name, product_id) VALUES (83, '427adb5c-8e0b-41f2-be8b-b019c12735cc.99397c1d19675743b6173cab246d1df603f68f2d37a2e9cf149a90b7ab32c81c.jpg (1).webp', 17);
INSERT INTO public.image (id, file_name, product_id) VALUES (84, '0629262c-9bc9-4726-ab50-201428ca15d2.', 17);
INSERT INTO public.image (id, file_name, product_id) VALUES (85, '0d1ce669-2d38-4605-bea4-0c0ed594e154.', 17);
INSERT INTO public.image (id, file_name, product_id) VALUES (86, 'd8f36c70-cd17-40de-af48-60d9d0c7e4a3.1beb7f082d35eedb280cbd36a1c6aabd6bd1a4a809e5b028672282cf3d88b2c3.jpg.webp', 18);
INSERT INTO public.image (id, file_name, product_id) VALUES (87, '0d711654-f7f4-48b9-b103-7772d4adc378.8b5ac269423a87d114c7b659ec0ff1fbb3ff789d6383d367c55dc9ffd53d708f.jpg.webp', 18);
INSERT INTO public.image (id, file_name, product_id) VALUES (88, 'ad32f23a-8fd1-41a4-8f08-7fa086f9ff3e.8b7b4dd2575490b6bc4599512b860692ddfb8ade339628364e5b737f1e377209.jpg.webp', 18);
INSERT INTO public.image (id, file_name, product_id) VALUES (89, 'cc3c4a5f-5589-41b7-9dce-a162a82e58c4.59de1de7bc4240faf164624953db8c3dec54d7dd803b0b3ff94b913cced5c969.jpg.webp', 18);
INSERT INTO public.image (id, file_name, product_id) VALUES (90, '708ac8ae-ac77-4faf-8020-1dae458fe0eb.0915064b194d89608ad27819284ced6b37c18bbb103331a9aa78e2716920b7a9.jpg.webp', 18);
INSERT INTO public.image (id, file_name, product_id) VALUES (91, 'cbac4539-73c8-438b-bcc6-78edc6a923c0.ea8b6a28a704e14377caa6bd89235cfd22f50ed36173408623971d7081c509f8.png.webp', 19);
INSERT INTO public.image (id, file_name, product_id) VALUES (92, '53f70096-31f7-4c88-a7cf-05d8a354cec5.', 19);
INSERT INTO public.image (id, file_name, product_id) VALUES (93, '81481ddc-7e6f-487a-8c8a-3bd67347f068.', 19);
INSERT INTO public.image (id, file_name, product_id) VALUES (94, '7544b600-c67a-47db-92de-1897db00c99b.', 19);
INSERT INTO public.image (id, file_name, product_id) VALUES (95, 'b8256914-ccd9-497e-a895-61a7fd1f6f22.', 19);
INSERT INTO public.image (id, file_name, product_id) VALUES (96, '42e96c0c-5996-462f-9476-23506b12d52b.6a6bc0e8aca8bdab68910cca0ef9434a1885b2d81c6cd3b32bc43426d3c0562c.jpg.webp', 20);
INSERT INTO public.image (id, file_name, product_id) VALUES (97, '7ddc1f96-4415-40db-b68d-f845b6bc12cc.0f6bebc55ea449d52d05df1c9c6c542cbb14edf030b792a5b20752e47cff0ee7.jpg.webp', 20);
INSERT INTO public.image (id, file_name, product_id) VALUES (98, '6e91f982-365f-43fe-908e-8a9adccdca86.6f500ee24879178cd33eb0ea460533d5b65218a0b3c4982a0c923a6eaa9c6005.jpg.webp', 20);
INSERT INTO public.image (id, file_name, product_id) VALUES (99, '05f128e9-7c97-4a1e-a915-100d3f9f31fc.3742c476ba680fa5fa441b2adbb0103146c3acc662ae61a2b73cca9633e3363f.jpg.webp', 20);
INSERT INTO public.image (id, file_name, product_id) VALUES (100, '09802fb0-9998-4076-8909-d466e8227052.f542879c4ba3044273de035601c353138921c3a0ea45300884621565a783ae22.jpg.webp', 20);
INSERT INTO public.image (id, file_name, product_id) VALUES (101, '0da6553f-e0e1-444d-9594-7b78bfc145a8.b0b3632fe0cff87025b8108071dd3bc94128255b4cd8e558ef822d5bd24f9d11.jpg.webp', 21);
INSERT INTO public.image (id, file_name, product_id) VALUES (102, '5ea0a457-253c-465e-b6a2-34c353d5884b.bb220bbdbce9c32bf8575196402787f66cda12c367442553b47396ef97eeb979.jpg.webp', 21);
INSERT INTO public.image (id, file_name, product_id) VALUES (103, 'edc92bb9-a5c8-48fb-bc23-f5322c48aa59.cc947082c1f306006979c9143869bf6428e8f62ea808dcaf8bb8788c2cd286ac.jpg.webp', 21);
INSERT INTO public.image (id, file_name, product_id) VALUES (104, '16246bcf-f29b-48fd-a88f-623319b0eb5c.', 21);
INSERT INTO public.image (id, file_name, product_id) VALUES (105, '534850c5-16e3-4fc9-94dd-17b64125cbb5.', 21);
INSERT INTO public.image (id, file_name, product_id) VALUES (106, '051e5d62-e31b-4394-9fc1-2adc7b8e671f.9f4b61fdddc9f2878f20762b4f89c897560aa3491a6608cc6ca38657b012ee93.png.webp', 22);
INSERT INTO public.image (id, file_name, product_id) VALUES (107, '8c1ea1ff-c6fb-4f16-8e64-6239460852d0.28cd726d686efd965ac0477b49908fcc36ed8ad009088a99460784828d178626.jpg.webp', 22);
INSERT INTO public.image (id, file_name, product_id) VALUES (108, 'd2c43c27-0ea9-4838-88a8-35a5f21fe67d.87e1049a459251fe850e7796deec3857c0e9858a0c08f8d49c95916b4cd48432.jpg.webp', 22);
INSERT INTO public.image (id, file_name, product_id) VALUES (109, '4e8203e7-b63e-4083-8fbb-5a81d4816b44.4778eb5d3caff6a7bfc3d543873d26aeb53c514aa0e39b41e09e6feab2930602.jpg.webp', 22);
INSERT INTO public.image (id, file_name, product_id) VALUES (110, '70893ee5-3a40-4e75-980f-b366e5e6439c.', 22);
INSERT INTO public.image (id, file_name, product_id) VALUES (111, '05ed0601-86e5-4e72-bd62-6c69e8135fac.affbd16c6754e6a57be30ea9d34a937b09dab55fc3236e84ea9544d939e88d08.jpg.webp', 23);
INSERT INTO public.image (id, file_name, product_id) VALUES (112, '04ba0ddd-1356-4da0-b89a-d83293851977.3cf818b10806a7296fbc36c7fe7461a08f91f3094476aed49bf7d4271ab7cc69.jpg.webp', 23);
INSERT INTO public.image (id, file_name, product_id) VALUES (113, '089d9fea-1518-42a6-94da-a277bcb4681a.be3f2f1c7476a0337a09e727366962e0b6110798d2a4eb7f3ca21678c13f0964.jpg.webp', 23);
INSERT INTO public.image (id, file_name, product_id) VALUES (114, 'e5a19017-db84-404d-924f-81995e963728.', 23);
INSERT INTO public.image (id, file_name, product_id) VALUES (115, 'ac5e341b-db20-4ae9-9f57-533f51a48497.', 23);
INSERT INTO public.image (id, file_name, product_id) VALUES (116, '4ae023b2-8b61-45a4-90ce-4f9817f1e3ec.08539bbf417d44017be15a12cb18f8f54e95ad35492601f228f234bfc49454df.jpg.webp', 24);
INSERT INTO public.image (id, file_name, product_id) VALUES (117, 'bce5ef73-c26f-4dd6-b86b-30ed8a6ac538.e63296630f9c7f0f5bea2307593a77ef3d650246cf39425277f7ecd7ee6df5df.jpg.webp', 24);
INSERT INTO public.image (id, file_name, product_id) VALUES (118, '8c9ea08e-cfa6-4060-9c71-2385fa507f3f.', 24);
INSERT INTO public.image (id, file_name, product_id) VALUES (119, 'aa915de0-3324-411c-8a63-4ed911ff46af.', 24);
INSERT INTO public.image (id, file_name, product_id) VALUES (120, '23bba3c8-a5eb-4675-8abd-8835837e3588.', 24);
INSERT INTO public.image (id, file_name, product_id) VALUES (121, 'f0b05fe0-d2a4-40d2-a07d-c21e9e4e521c.8650f24d3ba4df75e3f378043372178fa62fa5db5915fc7ac2d836192c9dffcb.jpg.webp', 25);
INSERT INTO public.image (id, file_name, product_id) VALUES (122, '77289ef9-471a-41ab-a780-f96c4ef4397e.5702833fd3b43f54e273ee17f84ab7a11e10fa2918b086ac5d4e0003673c8285.jpg.webp', 25);
INSERT INTO public.image (id, file_name, product_id) VALUES (123, '0f3eea02-4e30-4dd7-884e-39d8e328ad97.', 25);
INSERT INTO public.image (id, file_name, product_id) VALUES (124, 'd881bf29-77bc-41ac-9db5-273b1bb26d9f.', 25);
INSERT INTO public.image (id, file_name, product_id) VALUES (125, 'f8fa40f6-9fd3-45b0-a703-da47818fc739.', 25);
INSERT INTO public.image (id, file_name, product_id) VALUES (126, 'd81d0593-a61c-44e2-a56f-10bd9aca60d9.7a299f8e9a8d1d0d1acd1c2c739cbe0c625eae1da958e4df9961ddede9378835.jpg.webp', 26);
INSERT INTO public.image (id, file_name, product_id) VALUES (127, '810c1bce-00d2-4f29-8c34-d562fb9c71ed.3fbb6e02c87becd9e9ad5abe5487b3c9be913a1cbdb0eba651b268bd090126ef.jpg.webp', 26);
INSERT INTO public.image (id, file_name, product_id) VALUES (128, '45fcc658-2563-4251-9808-7ffec7ff6a2d.7ebc7990d5b580b1b32995d36b2b2a7b1205f5f338c6b365373cc3367a7e274f.jpg.webp', 26);
INSERT INTO public.image (id, file_name, product_id) VALUES (129, '43a33ee3-8476-4de4-b373-31d87056268a.58ce508eae3566ea7210641e29f41b12843fef146fadc870c9a7797a33fb4183.jpg.webp', 26);
INSERT INTO public.image (id, file_name, product_id) VALUES (130, 'a27f163d-e7c0-40c1-a6b5-4151199d8e61.d2ce368db74b40146c4ba3647164cb6f14890d519f18e7ddbbc4308584f2ceff.jpg.webp', 26);
INSERT INTO public.image (id, file_name, product_id) VALUES (131, '23e62425-0124-4e65-b64b-7de62de9716b.4331628f3b2e2c36ee859638c701ab2d861436c732dc90c2d3e822e38a2f00aa.jpg.webp', 27);
INSERT INTO public.image (id, file_name, product_id) VALUES (132, 'dd43980d-f4bf-412d-9645-d99a63866398.0d99cf9fac71383a084816e4afd16befc922edd6a47ee39534ee79b4f0c52d7a.jpg.webp', 27);
INSERT INTO public.image (id, file_name, product_id) VALUES (133, 'ad6bfdb6-4019-4946-b75b-d4275dd1a489.9c01b2efcf41786aeb9cbb1850dbbc128de64aed4e71691ce236b6d6d3212fdf.jpg.webp', 27);
INSERT INTO public.image (id, file_name, product_id) VALUES (134, 'd00fcb23-cdbc-4905-85ed-75b87511fb17.c6f9a1f6dfed2826a0e5f8e8b4db252b077940d004d0425cb2ae67a70e6ec41e.jpg.webp', 27);
INSERT INTO public.image (id, file_name, product_id) VALUES (135, '10b5eb6e-7172-4794-b23f-2aa216d7b632.d7391f302709144de15942a8c16cd4190e6ec97af5047938d5cf9ec70b683a15.jpg.webp', 27);


--
-- TOC entry 3372 (class 0 OID 16556)
-- Dependencies: 219
-- Data for Name: orders; Type: TABLE DATA; Schema: public; Owner: postgres
--



--
-- TOC entry 3374 (class 0 OID 16562)
-- Dependencies: 221
-- Data for Name: person; Type: TABLE DATA; Schema: public; Owner: postgres
--

INSERT INTO public.person (id, login, password, role) VALUES (1, 'GogaTest', '$2a$10$z58GXya7UogpIHpoc75IgOksBm3RRbEKmJBb4RDAwpk28eDtVTf8a', 'ROLE_ADMIN');
INSERT INTO public.person (id, login, password, role) VALUES (2, 'Admin', '$2a$10$4pyqlKY64lTwW4KyU5ZboONrUKj1kfL2XZY9Fvt75DLo7sdhNioLm', 'ROLE_USER');
INSERT INTO public.person (id, login, password, role) VALUES (3, 'Test23', '$2a$10$hgZTlkJAXSGvOX93iBzOk.t2GCKbPtwoZIql6faaZNnxAu9C28bvS', 'ROLE_ADMIN');


--
-- TOC entry 3376 (class 0 OID 16570)
-- Dependencies: 223
-- Data for Name: product; Type: TABLE DATA; Schema: public; Owner: postgres
--

INSERT INTO public.product (id, date_time_of_created, description, price, seller, title, warehouse, category_id) VALUES (2, '2022-12-05 18:52:10.358599', 'Графические процессоры NVIDIA GeForce RTX 40 обеспечивают невероятную скорость для игр и творчества. Они созданы на основе сверхэффективной архитектуры NVIDIA Ada Lovelace, которая обеспечивает качественный скачок как в производительности, так и в графических возможностях на базе ИИ. Погрузитесь в виртуальные миры с трассировкой лучей и сверхвысоким FPS с минимальной задержкой. Используйте возможности для творчества с беспрецедентным ускорением рабочего процесса.', 116999, 'GIGABYTE', 'Видеокарта GIGABYTE GeForce RTX 4080 GAMING OC [GV-N4080GAMING OC-16GD]', 'Магазин-склад в Горелово', 5);
INSERT INTO public.product (id, date_time_of_created, description, price, seller, title, warehouse, category_id) VALUES (3, '2022-12-05 19:00:25.698013', 'Графические процессоры NVIDIA GeForce RTX 40 обеспечивают невероятную скорость для игр и творчества. Они созданы на основе сверхэффективной архитектуры NVIDIA Ada Lovelace, которая обеспечивает качественный скачок как в производительности, так и в графических возможностях на базе ИИ. Погрузитесь в виртуальные миры с трассировкой лучей и сверхвысоким FPS с минимальной задержкой. Используйте возможности для творчества с беспрецедентным ускорением рабочего процесса.', 110999, 'MSI', 'Видеокарта MSI GeForce RTX 4080 GAMING X TRIO [RTX 4080 16GB GAMING X TRIO]', 'М. Пионерская ГИПЕР ТРК "Сити Молл"', 5);
INSERT INTO public.product (id, date_time_of_created, description, price, seller, title, warehouse, category_id) VALUES (5, '2022-12-05 19:00:25.698013', 'Видеокарта MSI GeForce RTX 3070 VENTUS 3X PLUS OC LHR ориентирована на скорость, поэтому в ее конструкции нет ничего лишнего. За охлаждение отвечает кулер с тремя вентиляторами, а строгий дизайн гармонично впишется в любую компьютерную сборку. Графеновый бэкплэйт повышает структурную прочность устройства и служит в качестве пассивного радиатора для его охлаждения.
Играйте бесшумно с технологией Zero Frozr. Суть данной технологии проста – при низкой температуре вентиляторы полностью останавливаются, что делает работу видеокарты абсолютно бесшумной. Когда же температура снова поднимается, вентиляторы возобновляют свою работу автоматически. Сделанные с высокой точностью тепловые трубки квадратной формы максимально увеличивают площадь контакта с графическим чипом и равномерно распределяют тепло по всей длине радиатора, создавая оптимальное охлаждение. Большое количество термопрокладок позволяет различным компонентам платы передавать тепло непосредственно радиатору для лучшего охлаждения.', 59499, 'MSI', 'Видеокарта MSI GeForce RTX 3070 VENTUS 3X PLUS OC LHR [RTX 3070 VENTUS 3X PLUS 8G OC LHR]', 'М. Академическая ГИПЕР ТЦ "Торговый Двор"', 5);
INSERT INTO public.product (id, date_time_of_created, description, price, seller, title, warehouse, category_id) VALUES (7, '2022-12-05 19:00:25.698013', 'Блок питания be quiet! DARK POWER PRO 12 1500W [BN312] станет надежным решением для обеспечения стабильной работы игрового компьютера, рабочей станции или ПК с разгонным потенциалом. Данная модель обладает номинальной мощностью 1500 Вт и сертификацией 80 PLUS Titanium с преобразованием энергии в пределах значения 94.7%. Блок be quiet! DARK POWER PRO 12 оснащен разъемами питания для процессора, 10 разъемами 6+2 pin для графических ускорителей, 16 разъемами SATA и 8 разъемами 4-pin Molex. Полностью модульная конструкция упрощает подключение необходимых кабелей. В конструкции применяется вентилятор диаметром 135 мм с автоматической регулировкой скорости вращения, который одновременно отличается высокой эффективностью отведения тепла и низким уровнем шума в процессе эксплуатации.', 42999, 'be quiet!', 'Блок питания be quiet! DARK POWER PRO 12 1500W [BN312]', 'Магазин-склад в Горелово', 4);
INSERT INTO public.product (id, date_time_of_created, description, price, seller, title, warehouse, category_id) VALUES (8, '2022-12-05 19:01:17.219026', 'Блок питания be quiet! STRAIGHT POWER 11 PLATINUM 1200W [BN310] представлен в компактном корпусе черного цвета, изготовленном из прочного и негорючего пластика. Он оснащен японскими конденсаторами, которые обеспечивают эффективное выполнение функций блока: «выпрямление» тока и стабилизация напряжения. Он имеет сертификат 80 PLUS Platinum, что предусматривает довольно высокий КПД (больше 90%). А также в блоке установлен активный модуль PFC, корректирующий коэффициент мощности и выравнивающий входное напряжение.
Номинальная мощность блока питания be quiet! STRAIGHT POWER 11 PLATINUM 1200W [BN310] составляет 1200 Вт. Кроме того, он поддерживает стабилизацию тока по нескольким линиям (+12/3.3/5), что позволит выдавать нужную силу тока для каждого элемента ПК. Входное напряжение может колебаться в пределах 100-240 В. В качестве основного разъема питания у блока используется 20+4 pin. Наличие на корпусе блока питания множества других разъемов (Molex, SATA, Floppy) делает его более функциональным. А модульная система кабелей избавит от наличия лишних проводов в корпусе ПК. Для охлаждения блока питания в него встроен активный вентилятор (135x135 мм).', 26499, 'be quiet', 'Блок питания be quiet! STRAIGHT POWER 11 PLATINUM 1200W [BN310]', 'Магазин-склад в Горелово', 4);
INSERT INTO public.product (id, date_time_of_created, description, price, seller, title, warehouse, category_id) VALUES (10, '2022-12-05 19:02:49.741565', 'Блок питания Thermaltake Toughpower PF1 ARGB 1200W [PS-TPD-1200F3FAPE-1] представляет собой мощную модель, которая отвечает условиям стандарта 80 Plus Platinum, демонстрируя эффективность до 92%. Полностью модульная система подключения позволяет убрать ненужные провода, что в совокупности с плоской формой кабелей поможет освободить больше пространства для лучшей продуваемости внутри корпуса.
Блок питания Thermaltake Toughpower PF1 ARGB 1200W PS-TPD-1200F3FAPE-1 оборудован живой двухзонной подсветкой с палитрой из 16.8 млн. цветов, поэтому неповторимо выглядит с любого ракурса. Доступна синхронизация ее с материнскими платами при наличии у них интерфейса 5V RGB. На корпусе блока находится тумблер для активации функции Smart Zero Fan, которая предусматривает остановку вентилятора при нагрузке ниже 40%. Надежные японские конденсаторы гарантируют долгий срок эксплуатации без протечки электролита.', 23999, 'Thermaltake', 'Блок питания Thermaltake Toughpower PF1 ARGB 1200W [PS-TPD-1200F3FAPE-1]', 'Cклад СДЭК, Санкт-Петербург Розенштейна', 4);
INSERT INTO public.product (id, date_time_of_created, description, price, seller, title, warehouse, category_id) VALUES (11, '2022-12-05 19:04:45.096278', 'Блок питания Cooler Master V1300 Platinum [MPZ-D001-AFBAPV-EU] рассчитан на мощность 1300 Вт и позволяет собрать игровую модель компьютера. Устройство обеспечивает высокую производительность и скорость работы, отвод тепла осуществляется моментально, при этом гарантирован низкий уровень шума.Модель имеет высокий уровень защиты от перепадов в сети, перегрева и других нежелательных факторов.
Блок питания Cooler Master V1300 Platinum [MPZ-D001-AFBAPV-EU] сертифицирован 80+ Platinum, поэтому обеспечивает высокий КПД при низком энергопотреблении. Активная система охлаждения представлена вентилятором размером 135 мм. Двойной шариковый подшипник характеризуется низким уровнем шума и долговечностью. Кабельная разводка и переключатель облегчают эксплуатацию и установку. Кабели полностью отстегиваются, что позволяет избавиться от лишних проводов и оптимально разместить комплектующие.', 21599, 'Cooler Master', 'Блок питания Cooler Master V1300 Platinum [MPZ-D001-AFBAPV-EU]', 'Магазин-склад в Горелово', 4);
INSERT INTO public.product (id, date_time_of_created, description, price, seller, title, warehouse, category_id) VALUES (12, '2022-12-05 19:21:58.841638', 'Блок питания Chieftec PowerPlay 1050W черно-красного цвета способен обеспечить энергией все компоненты компьютера, преобразуя переменный ток из сети в постоянный. Компактный корпус (форм-фактор ATX) делает его удобным для установки в большинство системных блоков. При этом остается много свободного места для размещения кабелей. Данный блок питания является модульным, что подразумевает возможность подключать только необходимые для работы кабели. В комплекте с блоком имеются кабели разной длины (основной, SATA, PCI-E, Molex).
Максимальная мощность блока питания Chieftec PowerPlay 1050W составляет 1050 В, за счет чего он подходит для установки в высокопроизводительные системы. Активный корректор коэффициента мощности позволяет отнести данный блок к высокоэффективным устройствам (80 PLUS Platinum). На корпусе блока питания имеются все необходимые разъемы: основной, для питания процессора и видеокарты, 15-pin SATA, 4-pin Molex, 4-pin Floppy. Для охлаждения блока предусмотрены вентиляторы 140х140 мм с автоматической регулировкой оборотов.', 20999, 'Chieftec', 'Блок питания Chieftec PowerPlay 1050W [GPU-1050FC-FOB]', 'М. Звёздная СПб Окей Пулковское ш. д.17 к.2', 4);
INSERT INTO public.product (id, date_time_of_created, description, price, seller, title, warehouse, category_id) VALUES (13, '2022-12-05 19:26:48.911766', 'Корпус Cougar Gemini X — выбор для настоящих профессионалов, желающих получить в одном относительно компактном корпусе максимум производительности. Благодаря форм-фактору Dual Tower данная модель может совмещать в себе возможность сборки сразу двух компьютеров, отличается футуристичным дизайном и соответствует лучшим традициям игровых тенденций. Используемый в конструкции металл 3 мм и закаленное стекло толщиной 5 мм обеспечивает не только превосходный внешний вид и приятные тактильные ощущения, но и высокую жесткость и надежность системы.
Основная секция корпуса Cougar Gemini X поддерживает установку материнских плат Mini-ITX, Micro-ATX, ATX и CEB. Предусмотрены места для 8 карт расширения. Поддерживается видеомодуль длиной до 350 мм и шириной до 133 мм, а высота башни кулера процессора может достигать 140 мм. Благодаря наличию свободного пространства возможно размещение большого количества вентиляторов для охлаждения или высокоэффективной СВО. Имеются пылевые фильтры.
Вспомогательная система предназначена для материнских плат mini-ITX. Доступная длина видеокарты — до 330 мм, а высота башни процессора — до 140 мм.
Также в данном отсеке устанавливаются все элементы хранения данных — 4 диска 2.5” и 3.5”. Электропитание вспомогательной системы возложено на БП формата SFX, для основной системы используется блок питания ATX.', 44499, 'Cougar', 'Корпус Cougar Gemini X черный', 'М. Звёздная ТЦ Дунай', 6);
INSERT INTO public.product (id, date_time_of_created, description, price, seller, title, warehouse, category_id) VALUES (14, '2022-12-05 19:28:06.390417', 'Корпус Seasonic CASE SYNCRO Q704 GOLD состоит из стекла, пластика, алюминия и стали. Эти материалы наделяют его прочностью. Производителю удалось придать ему эффектный дизайн. Блок питания располагается внизу корпуса Seasonic CASE SYNCRO Q704 GOLD.', 28999, 'Seasonic', 'Корпус Seasonic CASE SYNCRO Q704 GOLD [SYNCRODGC-750(SSR-750FA2)] черный', 'Магазин-склад в Горелово', 6);
INSERT INTO public.product (id, date_time_of_created, description, price, seller, title, warehouse, category_id) VALUES (15, '2022-12-05 19:28:55.224033', 'Корпус Fractal Design Define S2 Vision RGB [FD-CA-DEF-S2V-RGB-BKO-TGD] черного цвета обладает всем, чтобы стать основой мощного игрового компьютера. Его безболтовые стенки выполнены из прозрачного закаленного стекла, через которое хорошо видно все происходящее внутри. Особенно это эффектно смотрится в сочетании со светодиодными полосами R-4020 ARGB. Для управления работой подсветки корпус Fractal Design Define S2 Vision RGB [FD-CA-DEF-S2V-RGB-BKO-TGD] получил встроенный контроллер. Конструкция содержит сразу 4 кулера диаметром 14 см! Если этого для эффективного вентилирования окажется недостаточно (что вряд ли!), можно разместить внутри систему водяного охлаждения. При этом одно из достоинств модели заключается в тихой работе ее компонентов. Нейлоновые пылевые фильтры, благодаря удобному доступу, легко очищаются.', 26999, 'Fractal Design', 'Корпус Fractal Design Define S2 Vision RGB [FD-CA-DEF-S2V-RGB-BKO-TGD] черный', 'М. Звёздная СПб Окей Пулковское ш. д.17 к.2', 4);
INSERT INTO public.product (id, date_time_of_created, description, price, seller, title, warehouse, category_id) VALUES (16, '2022-12-05 19:30:09.267753', 'Корпус Phanteks Enthoo Evolv X создан специально для сборки мощного игрового компьютера с полным моддингом. Его дизайн напоминает стильные картинки из будущего. Алюминиевая фронтальная панель с многоцветной подсветкой делает этот корпус особенным. Для того, чтобы во всей красе показать внутренние компоненты, предусмотрено 2 окна, покрытых закаленным стеклом, с боковых сторон, одно из них панорамное. Есть возможность установки жидкостного охлаждения, способного придать системе еще более футуристский вид.
Phanteks Enthoo Evolv X располагает достаточным полезным пространством, чтобы разместить крупногабаритные комплектующие. Грамотная его организация позволяет использовать до 10 HDD 3.5" и до 9 SSD 2.5". Для эффективного охлаждения предусмотрена возможность размещения до 6 вентиляторов с разных сторон, есть достаточно отверстий для прохождения воздуха. Разъемы для подключения внешних носителей, наушников и микрофона выведены на верхнюю часть передней панели.', 26909, 'Phanteks', 'Корпус Phanteks Enthoo Evolv X [PH-ES518XTG_DGS01] серый', 'М. Комендантский проспект ГИПЕР ТРК "Атмосфера"', 6);
INSERT INTO public.product (id, date_time_of_created, description, price, seller, title, warehouse, category_id) VALUES (17, '2022-12-05 19:37:48.282221', 'Передняя панель 309 Gaming Edition оснащена 144 ошеломительными ARGB светодиодами. Благодаря этому достигается потрясающий визуальный опыт для встроенных игр и режимов свечения.
Настоящий игровой корпус! Мы встроили три классические игры в 309Gaming Edition, трансформировав переднюю панель в игровую платформу. Теперь вы можете погрузиться в мир игры в любое время!
309 Gaming Edition оснащен четырьмя вентиляторами InWin Saturn ASN120 с уникальными прозрачными рамками и запатентованной модульной конструкцией.', 21799, 'InWin ', 'Корпус InWin 309 Gaming Edition [36151389] черный', 'М. Дыбенко, пр. Большевиков д.32', 6);
INSERT INTO public.product (id, date_time_of_created, description, price, seller, title, warehouse, category_id) VALUES (18, '2022-12-06 10:17:58.966356', 'Компания Kingston с гордостью представляет Kingston FURY — бренд высокопроизводительных продуктов для геймеров и энтузиастов. Опыт Kingston в разработке и производстве памяти и хранилищ файлов (воплощением которого стали продукты HyperX DRAM, флэш-память и твердотельные накопители) помогает компании в течение двух десятилетий оставаться ключевым выбором энтузиастов и геймеров. Kingston FURY Renegade — это поколение высокопроизводительных устройств памяти и решений для хранения данных, предназначенных для энтузиастов, геймеров и создателей контента. Kingston FURY продолжает традицию производства самой производительной и надёжной памяти DRAM на рынке.', 61999, 'Kingston', 'Оперативная память Kingston FURY Renegade RGB [KF432C16RBAK8/256] 256 ГБ', 'М. Озерки ТРК "Родео Драйв"', 7);
INSERT INTO public.product (id, date_time_of_created, description, price, seller, title, warehouse, category_id) VALUES (19, '2022-12-06 10:18:38.884137', 'Память Micron для серверов и рабочих станций, за счет использования высококачественных чипов собственного производства и технологий в области Flash памяти, отличается высокой стабильностью работы и наилучшими характеристиками отвечающими требованиям к модулям памяти и носителям информации.', 47499, 'Micron', 'Серверная оперативная память Micron [MTA36ASF8G72LZ-3G2B1] 64 ГБ', 'Магазин-склад в Горелово', 7);
INSERT INTO public.product (id, date_time_of_created, description, price, seller, title, warehouse, category_id) VALUES (20, '2022-12-06 10:19:32.185304', 'Компания Kingston с гордостью представляет Kingston FURY — бренд высокопроизводительных продуктов для геймеров и энтузиастов. Опыт Kingston в разработке и производстве памяти и хранилищ файлов (воплощением которого стали продукты HyperX DRAM, флэш-память и твердотельные накопители) помогает компании в течение двух десятилетий оставаться ключевым выбором энтузиастов и геймеров. Kingston FURY Renegade — это поколение высокопроизводительных устройств памяти и решений для хранения данных, предназначенных для энтузиастов, геймеров и создателей контента. Kingston FURY продолжает традицию производства самой производительной и надёжной памяти DRAM на рынке.', 34999, 'Kingston', 'Оперативная память Kingston FURY Renegade RGB [KF436C18RBAK4/128] 128 ГБ', 'М. Беговая ТРК "Меркурий"', 7);
INSERT INTO public.product (id, date_time_of_created, description, price, seller, title, warehouse, category_id) VALUES (21, '2022-12-06 10:20:15.791614', 'Компания Kingston с гордостью представляет Kingston FURY — бренд высокопроизводительных продуктов для геймеров и энтузиастов. Опыт Kingston в разработке и производстве памяти и хранилищ файлов (воплощением которого стали продукты HyperX DRAM, флэш-память и твердотельные накопители) помогает компании в течение двух десятилетий оставаться ключевым выбором энтузиастов и геймеров. Kingston FURY — это поколение высокопроизводительных устройств памяти и решений для хранения данных, предназначенных для энтузиастов, геймеров и создателей контента. Kingston FURY продолжает традицию производства самой производительной и надёжной памяти DRAM на рынке.', 32999, 'Kingston', 'Оперативная память Kingston FURY Beast Black [KF436C18BBK4/128] 128 ГБ', 'М. Автово Ярмарка "Юнона"', 7);
INSERT INTO public.product (id, date_time_of_created, description, price, seller, title, warehouse, category_id) VALUES (22, '2022-12-06 10:21:27.651852', 'Corsair DOMINATOR Platinum RGB DDR5 — это высококачественный компактный модуль, который оптимизирован для материнских плат Intel и отличается более высокими частотами и расширенными возможностями технологии DDR5, поэтому станет прекрасным дополнением вашей системы.', 24999, 'Corsair', 'Оперативная память Corsair DOMINATOR Platinum RGB [CMT32GX5M2X5600C36] 32 ГБ', 'Cклад СДЭК, Санкт-Петербург Беговая', 7);
INSERT INTO public.product (id, date_time_of_created, description, price, seller, title, warehouse, category_id) VALUES (23, '2022-12-06 10:26:22.04704', '64 ядра процессора AMD Ryzen Threadripper PRO 3995WX обеспечивают потрясающую вычислительную мощность для поддержки 128 потоков одновременно, а кэш-память общим объемом 288 МБ вместе с огромной пропускной способностью шины ввода-вывода на платформе AMD sWRX8, предназначенной для широкого круга компьютерных энтузиастов, обеспечивает невероятную производительность.
8-канальная память DDR4 с поддержкой ECC гарантирует надежную скорость обработки информации.
Процессоры Ryzen Threadripper позволяют объединить до шести NVMe-дисков, чтобы добиться высочайшей скорости и надежности. Хотите еще больше расширить возможности? Получите удвоенную пропускную способность благодаря интерфейсу PCIe 4.0, предназначенному специально для высокотехнологичных настольных ПК на базе материнских плат AMD sWRX8.', 519999, 'AMD', 'Процессор AMD Ryzen Threadripper PRO 3995WX OEM', 'Магазин-склад в Горелово', 8);
INSERT INTO public.product (id, date_time_of_created, description, price, seller, title, warehouse, category_id) VALUES (24, '2022-12-06 10:27:00.941143', 'Процессор Intel Core i9-10920X OEM отличается исключительной производительностью и станет отличным выбором для использования как в игровых и рабочих системах, так и в различных серверах. Данная модель основана на архитектуре Cascade Lake-X и выполнена по усовершенствованному техпроцессу в 14 нм. Монтаж на материнские платы производится при помощи сокета LGA 2066.
Процессор Intel Core i9-10920X OEM отличается наличием 12 ядер и 24 потоков. которые могут работать в частотном диапазоне от 3.5 до 4.8 ГГц. Помимо этого данная модель отличается наличием свободного множителя и большим объемом кэшей различного уровня, что обеспечит высокую производительность и быстродействие. Максимально допустимый объем оперативной памяти составляет 256 ГБ, поддерживается тип DDR4 с частотой до 2933 МГц. Другой особенностью модели является встроенный контроллер PCI-E 3.0 и возможность одновременной работы с 48 линиями.
Процессор Intel Core i9-10920X OEM помимо своей мощности также отличается тепловыделением в 165 Вт. Максимальная рабочая температура может достигать 94°C. Модель поставляется без вентилятора. Для эффективного отвода тепла рекомендуется использовать систему водяного охлаждения.', 64999, 'Intel', 'Процессор Intel Core i9-10920X OEM', 'М. Дыбенко, пр. Большевиков д.32', 8);
INSERT INTO public.product (id, date_time_of_created, description, price, seller, title, warehouse, category_id) VALUES (25, '2022-12-06 10:27:36.663561', 'Процессор AMD Ryzen 9 7900X – это мощное решение для игровых систем и рабочих станций. В основе модели используются высококачественные компоненты и передовые технологии, что в связке с большим числом физических ядер и виртуальных потоков может обеспечить непревзойденно высокую вычислительную мощность в любых сценариях использования компьютера.
Поддерживаемые AMD Ryzen 9 7900X частоты могут варьироваться от 4.7 до 5.6 ГГц. Благодаря этому, а также свободному множителю данная модель отличается высоким уровнем быстродействия и большим потенциалом для его дальнейшего развития.
Объем поддерживаемой временной памяти может достигать 128 ГБ. Также вычислительный модуль поддерживает работу с интерфейсом PCI-E 5 поколения, что открывает широкие возможности для создания бескомпромиссной компьютерной системы для работы и развлечений.
Помимо высокой производительности процессор также отличается тепловыделением, которое не превышает 170 Вт. Для охлаждения могут использоваться как воздушные, так и водяные системы. Установка на материнскую плату производится при помощи сокета AM5.', 56299, 'AMD', 'Процессор AMD Ryzen 9 7900X OEM', 'М. Озерки ТРК "Родео Драйв"', 8);
INSERT INTO public.product (id, date_time_of_created, description, price, seller, title, warehouse, category_id) VALUES (26, '2022-12-06 10:28:33.425796', 'Процессор Intel Core i9-12900K выполнен на базе архитектуры Alder Lake-S, использует техпроцесс 7 нм и отличается высокой производительностью и эффективностью, что позволит с легкостью выполнять любые задачи. Благодаря этому данная модель может стать отличным выбором для игровых систем и мощных рабочих станций.
За производительность Intel Core i9-12900K отвечает 8 производительных, 8 энергоэффективных ядер и 24 потока, которые могут работать в широком диапазоне частот с возможностью дополнительного разгона за счет свободного множителя. Благодаря этому, а также большому кэшу разных уровней процессор может обеспечить высокое быстродействие в самых разных условиях. Другой особенностью является поддержка до 128 ГБ оперативной памяти, что позволит создать бескомпромиссное решение для работы и развлечений. Процессор использует сокет LGA 1700 и свежий чипсет 600 серии.', 43299, 'Intel', 'Процессор Intel Core i9-12900K BOX', 'Cклад СДЭК, Санкт-Петербург Орджоникидзе', 8);
INSERT INTO public.product (id, date_time_of_created, description, price, seller, title, warehouse, category_id) VALUES (27, '2022-12-06 10:29:15.408043', 'Этот лучший в мире процессор для настольных ПК гарантирует прекрасную производительность, идеально подходящий для игр и творчества.
Сотрите границу между элитной производительностью для игр и рабочей станцией для создания контента благодаря самым передовым процессорам для настольных ПК в мире.
Высокопроизводительная архитектура ядер «Zen 3» компании AMD позволяет процессорам Ryzen 9 5950X, развивать более высокую производительность в одно- и многопотоковом режимах, чем любой другой процессор для настольных ПК. Эта необходимая для успеха геймеров и разработчиков контента производительность помогает побеждать.', 38999, 'AMD', 'Процессор AMD Ryzen 9 5950X BOX', 'М. Академическая ГИПЕР ТЦ "Торговый Двор"', 8);
INSERT INTO public.product (id, date_time_of_created, description, price, seller, title, warehouse, category_id) VALUES (4, '2022-12-05 19:00:25.698013', 'Видеокарта ASUS AMD Radeon RX 6900 XT TUF GAMING OC [TUF-RX6900XT-O16G-GAMING] представляет собой производительное решение, которое отлично подойдет для рабочих и игровых систем высокого класса. Данная модель основана на архитектуре RDNA 2 из линейки Navi 21 и использует процессор, работающий на частотах от 1825 до 2340 МГц. Благодаря этому, а также скоростной памяти типа GDDR6 объемом 16 ГБ обеспечивается эффективная работа с задачами разной сложности – будь то обработка фото, монтаж видео, моделирование или запуск игр на средне-высоких настройках. Несмотря на высокую вычислительную мощность данная модель отличается сбалансированными температурными показателями, что обусловлено наличием в конструкции 3 осевых вентиляторов.
Видеокарта ASUS AMD Radeon RX 6900 XT TUF GAMING OC выполнена в строгом дизайне. Длина корпуса модели составляет 320 мм при толщине 57.8 мм, из-за чего для установки необходимо 2.9 слота расширения. Отличительной особенностью модели является поддержка стандарта PCI-E 4.0. Для подключения мониторов предусмотрено несколько типов видеопортов. Также на корпусе расположено несколько коннектором 8-pin для дополнительного питания.', 102999, 'ASUS', 'Видеокарта ASUS AMD Radeon RX 6900 XT TUF GAMING OC [TUF-RX6900XT-O16G-GAMING]', 'Cклад СДЭК, Санкт-Петербург На Трефолева', 5);
INSERT INTO public.product (id, date_time_of_created, description, price, seller, title, warehouse, category_id) VALUES (6, '2022-12-05 19:00:25.698013', 'Видеокарта MSI GeForce RTX 3070 VENTUS 2X OC LHR – производительное и сравнительно компактное решение. Длина корпуса данной модели не превышает 232 мм при толщине 52 мм, благодаря чему для установки внутри системного блока требуется всего 2.5 слота расширения. Для подключения используется интерфейс PCI-E 4.0 и 2 коннектора дополнительного питания. Кроме этого, на корпусе есть порты HDMI и DisplayPort для вывода изображения сразу на 4 внешних монитора.
Другой особенностью видеокарты MSI GeForce RTX 3070 VENTUS 2X OC LHR является высокая производительность. Данная модель разработана на базе микроархитектуры Ampere и использует многоядерный чип вкупе с 8 ГБ памяти типа GDDR6, что может обеспечить высокое быстродействие при работе с фото и видео высокого разрешения, при монтаже видео или запуске игр на высоких настройках. Также графический ускоритель поддерживает трассировку лучей, благодаря которой изображение теней и отражений в играх может выглядеть особенно реалистично. Для охлаждения высокопроизводительной начинки используется система MSI TORX из 2 осевых вентиляторов с особой геометрией лопастей, за счет чего температура при максимальной нагрузке не превышает 93°C.', 55299, 'MSI', 'Видеокарта MSI GeForce RTX 3070 VENTUS 2X OC (LHR) [RTX 3070 VENTUS 2X 8G OC LHR]', 'Cклад СДЭК, Санкт-Петербург Старая Деревня', 5);


--
-- TOC entry 3378 (class 0 OID 16579)
-- Dependencies: 225
-- Data for Name: product_cart; Type: TABLE DATA; Schema: public; Owner: postgres
--

INSERT INTO public.product_cart (id, person_id, product_id) VALUES (7, 2, 5);


--
-- TOC entry 3379 (class 0 OID 16619)
-- Dependencies: 226
-- Data for Name: status; Type: TABLE DATA; Schema: public; Owner: postgres
--

INSERT INTO public.status (name, id) VALUES ('Принят', 1);
INSERT INTO public.status (name, id) VALUES ('Оформлен', 2);
INSERT INTO public.status (name, id) VALUES ('Ожидает', 3);
INSERT INTO public.status (name, id) VALUES ('Получен', 4);
INSERT INTO public.status (name, id) VALUES ('Отменен', 5);


--
-- TOC entry 3387 (class 0 OID 0)
-- Dependencies: 214
-- Name: category_id_seq; Type: SEQUENCE SET; Schema: public; Owner: postgres
--

SELECT pg_catalog.setval('public.category_id_seq', 8, true);


--
-- TOC entry 3388 (class 0 OID 0)
-- Dependencies: 216
-- Name: image_id_seq; Type: SEQUENCE SET; Schema: public; Owner: postgres
--

SELECT pg_catalog.setval('public.image_id_seq', 155, true);


--
-- TOC entry 3389 (class 0 OID 0)
-- Dependencies: 218
-- Name: orders_id_seq; Type: SEQUENCE SET; Schema: public; Owner: postgres
--

SELECT pg_catalog.setval('public.orders_id_seq', 17, true);


--
-- TOC entry 3390 (class 0 OID 0)
-- Dependencies: 220
-- Name: person_id_seq; Type: SEQUENCE SET; Schema: public; Owner: postgres
--

SELECT pg_catalog.setval('public.person_id_seq', 3, true);


--
-- TOC entry 3391 (class 0 OID 0)
-- Dependencies: 224
-- Name: product_cart_id_seq; Type: SEQUENCE SET; Schema: public; Owner: postgres
--

SELECT pg_catalog.setval('public.product_cart_id_seq', 22, true);


--
-- TOC entry 3392 (class 0 OID 0)
-- Dependencies: 222
-- Name: product_id_seq; Type: SEQUENCE SET; Schema: public; Owner: postgres
--

SELECT pg_catalog.setval('public.product_id_seq', 31, true);


--
-- TOC entry 3393 (class 0 OID 0)
-- Dependencies: 227
-- Name: status_id_seq; Type: SEQUENCE SET; Schema: public; Owner: postgres
--

SELECT pg_catalog.setval('public.status_id_seq', 5, true);


--
-- TOC entry 3206 (class 2606 OID 16548)
-- Name: category category_pkey; Type: CONSTRAINT; Schema: public; Owner: postgres
--

ALTER TABLE ONLY public.category
    ADD CONSTRAINT category_pkey PRIMARY KEY (id);


--
-- TOC entry 3208 (class 2606 OID 16554)
-- Name: image image_pkey; Type: CONSTRAINT; Schema: public; Owner: postgres
--

ALTER TABLE ONLY public.image
    ADD CONSTRAINT image_pkey PRIMARY KEY (id);


--
-- TOC entry 3210 (class 2606 OID 16560)
-- Name: orders orders_pkey; Type: CONSTRAINT; Schema: public; Owner: postgres
--

ALTER TABLE ONLY public.orders
    ADD CONSTRAINT orders_pkey PRIMARY KEY (id);


--
-- TOC entry 3212 (class 2606 OID 16568)
-- Name: person person_pkey; Type: CONSTRAINT; Schema: public; Owner: postgres
--

ALTER TABLE ONLY public.person
    ADD CONSTRAINT person_pkey PRIMARY KEY (id);


--
-- TOC entry 3218 (class 2606 OID 16583)
-- Name: product_cart product_cart_pkey; Type: CONSTRAINT; Schema: public; Owner: postgres
--

ALTER TABLE ONLY public.product_cart
    ADD CONSTRAINT product_cart_pkey PRIMARY KEY (id);


--
-- TOC entry 3214 (class 2606 OID 16577)
-- Name: product product_pkey; Type: CONSTRAINT; Schema: public; Owner: postgres
--

ALTER TABLE ONLY public.product
    ADD CONSTRAINT product_pkey PRIMARY KEY (id);


--
-- TOC entry 3216 (class 2606 OID 16585)
-- Name: product uk_qka6vxqdy1dprtqnx9trdd47c; Type: CONSTRAINT; Schema: public; Owner: postgres
--

ALTER TABLE ONLY public.product
    ADD CONSTRAINT uk_qka6vxqdy1dprtqnx9trdd47c UNIQUE (title);


--
-- TOC entry 3220 (class 2606 OID 16591)
-- Name: orders fk1b0m4muwx1t377w9if3w6wwqn; Type: FK CONSTRAINT; Schema: public; Owner: postgres
--

ALTER TABLE ONLY public.orders
    ADD CONSTRAINT fk1b0m4muwx1t377w9if3w6wwqn FOREIGN KEY (person_id) REFERENCES public.person(id);


--
-- TOC entry 3222 (class 2606 OID 16601)
-- Name: product fk1mtsbur82frn64de7balymq9s; Type: FK CONSTRAINT; Schema: public; Owner: postgres
--

ALTER TABLE ONLY public.product
    ADD CONSTRAINT fk1mtsbur82frn64de7balymq9s FOREIGN KEY (category_id) REFERENCES public.category(id);


--
-- TOC entry 3221 (class 2606 OID 16596)
-- Name: orders fk787ibr3guwp6xobrpbofnv7le; Type: FK CONSTRAINT; Schema: public; Owner: postgres
--

ALTER TABLE ONLY public.orders
    ADD CONSTRAINT fk787ibr3guwp6xobrpbofnv7le FOREIGN KEY (product_id) REFERENCES public.product(id);


--
-- TOC entry 3219 (class 2606 OID 16586)
-- Name: image fkgpextbyee3uk9u6o2381m7ft1; Type: FK CONSTRAINT; Schema: public; Owner: postgres
--

ALTER TABLE ONLY public.image
    ADD CONSTRAINT fkgpextbyee3uk9u6o2381m7ft1 FOREIGN KEY (product_id) REFERENCES public.product(id);


--
-- TOC entry 3223 (class 2606 OID 16611)
-- Name: product_cart fkhpnrxdy3jhujameyod08ilvvw; Type: FK CONSTRAINT; Schema: public; Owner: postgres
--

ALTER TABLE ONLY public.product_cart
    ADD CONSTRAINT fkhpnrxdy3jhujameyod08ilvvw FOREIGN KEY (product_id) REFERENCES public.product(id);


--
-- TOC entry 3224 (class 2606 OID 16606)
-- Name: product_cart fksgnkc1ko2i1o9yr2p63ysq3rn; Type: FK CONSTRAINT; Schema: public; Owner: postgres
--

ALTER TABLE ONLY public.product_cart
    ADD CONSTRAINT fksgnkc1ko2i1o9yr2p63ysq3rn FOREIGN KEY (person_id) REFERENCES public.person(id);


-- Completed on 2022-12-10 12:22:52

--
-- PostgreSQL database dump complete
--

